url,product,source,year
https://learn.microsoft.com/officeupdates,Microsoft 365,Microsoft Office release notes,2026
https://learn.microsoft.com/en-us/microsoft-365/admin/whats-new-in-preview,Microsoft 365,Microsoft 365 admin what's new,2026
https://workspaceupdates.googleblog.com/,Google Workspace,Google Workspace Updates,2026
https://workspace.google.com/whatsnew/,Google Workspace,Google Workspace What's New,2026
https://docs.slack.dev/changelog,Slack,Slack developer changelog,2026
https://slack.com/releases,Slack,Slack What's New,2026
https://slack.com/release-notes/windows,Slack,Slack release notes,2026
https://it.tamus.edu/workdayservices/news-and-updates/release-notes/,Workday,Texas A&M Workday release notes,2026
https://investor.workday.com/news-and-events/press-releases/default.aspx,Workday,Workday press releases,2026
